"participant_id","complex","simple","ambiguous","unambiguous","nfc","ospan","asq","stroop","crt","iq","nfc_rescaled","ospan_rescaled","asq_rescaled","stroop_rescaled","iq_rescaled","crt_rescaled","study"
1,0.75,1,0.555555555555556,1,4.16666666666667,1,22,0.335937533536232,0.666666666666667,8,0.791666666666667,1,0.454545454545455,0.335937533536232,0.875,0.666666666666667,"pilot"
2,0.333333333333333,0.666666666666667,0.333333333333333,1,3.83333333333333,0.823958333333333,28,0.26169862001884,0.166666666666667,5,0.708333333333332,0.719269102990033,0.636363636363636,0.26169862001884,0.5,0.166666666666667,"pilot"
3,0.083333333333333,0.75,0.222222222222222,1,5,1,24,0.125021157004582,0.833333333333333,9,1,1,0.515151515151515,0.125021157004582,1,0.833333333333333,"pilot"
4,0.833333333333333,1,0.444444444444444,1,3.66666666666667,0.909375,27,0.101273038191146,0.4,8,0.666666666666668,0.855481727574751,0.606060606060606,0.101273038191146,0.875,0.4,"pilot"
5,0.333333333333333,0.916666666666667,0.444444444444444,1,3,0.844791666666667,12,0.858239932691441,0.666666666666667,5,0.5,0.75249169435216,0.151515151515152,0.858239932691441,0.5,0.666666666666667,"pilot"
6,0.333333333333333,0.833333333333333,0.333333333333333,1,3.5,0.9375,14,0.217136384302537,0.666666666666667,6,0.625,0.900332225913621,0.212121212121212,0.217136384302537,0.625,0.666666666666667,"pilot"
7,0.583333333333333,0.5,0.666666666666667,1,3,0.861458333333333,22,0.85622239297381,0,6,0.5,0.77906976744186,0.454545454545455,0.85622239297381,0.625,0,"pilot"
8,0.5,0.333333333333333,0.666666666666667,1,3.83333333333333,0.9875,24,0.741192580605004,0,4,0.708333333333332,0.980066445182724,0.515151515151515,0.741192580605004,0.375,0,"pilot"
9,0.75,0.833333333333333,0.444444444444444,1,3.66666666666667,0.878125,18,0.476728483317246,0.333333333333333,2,0.666666666666668,0.805647840531561,0.333333333333333,0.476728483317246,0.125,0.333333333333333,"pilot"
10,0.416666666666667,1,0.444444444444444,0.96969696969697,3.66666666666667,0.372916666666667,29,0.478605493717725,0,1,0.666666666666668,0,0.666666666666667,0.478605493717725,0,0,"pilot"
11,0.5,0.916666666666667,0.333333333333333,1,2.33333333333333,0.891666666666667,36,0.285862754627376,0.333333333333333,6,0.333333333333332,0.827242524916944,0.878787878787879,0.285862754627376,0.625,0.333333333333333,"pilot"
12,0.666666666666667,0.75,0.666666666666667,1,1.66666666666667,0.95625,18,0.418821343150726,0.166666666666667,1,0.166666666666668,0.930232558139535,0.333333333333333,0.418821343150726,0,0.166666666666667,"pilot"
13,0.833333333333333,1,0.666666666666667,1,3.33333333333333,0.8875,22,0.552488905226015,0.333333333333333,6,0.583333333333332,0.820598006644518,0.454545454545455,0.552488905226015,0.625,0.333333333333333,"pilot"
14,0.75,1,0.444444444444444,1,3.5,0.9875,17,0.158400477341312,0.333333333333333,6,0.625,0.980066445182724,0.303030303030303,0.158400477341312,0.625,0.333333333333333,"pilot"
15,0.666666666666667,1,0.555555555555556,0.96969696969697,2.5,1,37,0.575797324147286,0.666666666666667,8,0.375,1,0.909090909090909,0.575797324147286,0.875,0.666666666666667,"pilot"
16,0.5,0.666666666666667,0.666666666666667,1,3.66666666666667,0.801041666666667,26,0.633430514030115,0,6,0.666666666666668,0.682724252491695,0.575757575757576,0.633430514030115,0.625,0,"pilot"
17,0.083333333333333,1,0.222222222222222,1,5,1,12,0.477534932468902,1,7,1,1,0.151515151515152,0.477534932468902,0.75,1,"pilot"
18,0.5,0.583333333333333,0.666666666666667,1,3.83333333333333,0.815625,15,0.527880681842572,0.5,7,0.708333333333332,0.705980066445183,0.242424242424242,0.527880681842572,0.75,0.5,"pilot"
19,0.666666666666667,0.75,0.666666666666667,1,3.33333333333333,0.875,24,0.376762664354366,0.5,5,0.583333333333332,0.800664451827242,0.515151515151515,0.376762664354366,0.5,0.5,"pilot"
20,0.416666666666667,0.166666666666667,0.444444444444444,1,4,0.905208333333333,7,0.631760367793198,0.166666666666667,5,0.75,0.848837209302325,0,0.631760367793198,0.5,0.166666666666667,"pilot"
21,0.416666666666667,0.833333333333333,0.333333333333333,0.96969696969697,2.33333333333333,1,18,0.303447270949649,0.333333333333333,4,0.333333333333332,1,0.333333333333333,0.303447270949649,0.375,0.333333333333333,"pilot"
22,0.5,1,0.555555555555556,0.96969696969697,4.66666666666667,1,21,0.749391286571969,0.5,5,0.916666666666667,1,0.424242424242424,0.749391286571969,0.5,0.5,"pilot"
23,0.75,1,0.666666666666667,1,1.16666666666667,0.9375,38,0.177489950144402,0.8,8,0.041666666666668,0.900332225913621,0.939393939393939,0.177489950144402,0.875,0.8,"pilot"
24,0,0.75,0.222222222222222,0.96969696969697,3.16666666666667,0.864583333333333,21,0.46876503385837,0.166666666666667,5,0.541666666666668,0.784053156146179,0.424242424242424,0.46876503385837,0.5,0.166666666666667,"pilot"
25,0.75,0.5,0.777777777777778,0.96969696969697,3.66666666666667,1,25,0.295567422313989,0.5,4,0.666666666666668,1,0.545454545454545,0.295567422313989,0.375,0.5,"pilot"
26,0.583333333333333,0.666666666666667,0.444444444444444,0.96969696969697,4.16666666666667,0.984375,12,0.97936529059011,0.166666666666667,3,0.791666666666667,0.975083056478405,0.151515151515152,0.97936529059011,0.25,0.166666666666667,"pilot"
27,0.916666666666667,1,0.666666666666667,0.96969696969697,4.5,1,16,0.842222261741744,0.666666666666667,7,0.875,1,0.272727272727273,0.842222261741744,0.75,0.666666666666667,"pilot"
28,0.583333333333333,0.916666666666667,0.666666666666667,0.96969696969697,2.33333333333333,0.940625,27,0.789433920829753,0,3,0.333333333333332,0.90531561461794,0.606060606060606,0.789433920829753,0.25,0,"pilot"
29,0.583333333333333,1,0.333333333333333,1,2.16666666666667,0.891666666666667,23,0.572388895804805,0.666666666666667,8,0.291666666666668,0.827242524916944,0.484848484848485,0.572388895804805,0.875,0.666666666666667,"pilot"
30,0.416666666666667,1,0.444444444444444,1,4,1,26,0.731417572468896,0.166666666666667,8,0.75,1,0.575757575757576,0.731417572468896,0.875,0.166666666666667,"pilot"
31,0.583333333333333,1,0.333333333333333,1,4.33333333333333,1,31,0.702631296094823,0.833333333333333,5,0.833333333333333,1,0.727272727272727,0.702631296094823,0.5,0.833333333333333,"pilot"
32,0.833333333333333,1,0.333333333333333,1,3,1,36,0.699390874710783,0.666666666666667,9,0.5,1,0.878787878787879,0.699390874710783,1,0.666666666666667,"pilot"
33,0.5,1,0.333333333333333,1,1,0.880208333333333,21,1,0.333333333333333,4,0,0.808970099667774,0.424242424242424,1,0.375,0.333333333333333,"pilot"
34,0.5,0.416666666666667,0.666666666666667,0.96969696969697,3.83333333333333,1,18,0.302532226977511,0.5,8,0.708333333333332,1,0.333333333333333,0.302532226977511,0.875,0.5,"pilot"
35,0.416666666666667,0.916666666666667,0.666666666666667,1,2.83333333333333,0.984375,26,0.508098061015552,0.5,9,0.458333333333332,0.975083056478405,0.575757575757576,0.508098061015552,1,0.5,"pilot"
36,0.416666666666667,0.666666666666667,0.555555555555556,1,3.66666666666667,0.85,17,0.781762299480162,0.666666666666667,4,0.666666666666668,0.760797342192691,0.303030303030303,0.781762299480162,0.375,0.666666666666667,"pilot"
37,0.5,0.666666666666667,0.333333333333333,0.96969696969697,4,0.921875,18,0.670677421154977,0.333333333333333,4,0.75,0.875415282392026,0.333333333333333,0.670677421154977,0.375,0.333333333333333,"pilot"
38,0.666666666666667,0.833333333333333,0.333333333333333,1,2.5,0.9625,10,0.367979362805379,0.6,7,0.375,0.940199335548173,0.090909090909091,0.367979362805379,0.75,0.6,"pilot"
39,0.333333333333333,0.666666666666667,0.333333333333333,1,1.33333333333333,0.757291666666667,27,0.355640740565856,0.166666666666667,6,0.083333333333333,0.61295681063123,0.606060606060606,0.355640740565856,0.625,0.166666666666667,"pilot"
40,0.5,0.916666666666667,0.555555555555556,1,2,0.91875,26,0.931644037311607,0.166666666666667,2,0.25,0.870431893687707,0.575757575757576,0.931644037311607,0.125,0.166666666666667,"pilot"
41,0.5,0.75,0.555555555555556,1,3.33333333333333,0.975,40,0,1,7,0.583333333333332,0.960132890365448,1,0,0.75,1,"pilot"
42,0.583333333333333,1,0.444444444444444,1,4.66666666666667,0.9875,17,0.208540631962122,0.6,8,0.916666666666667,0.980066445182724,0.303030303030303,0.208540631962122,0.875,0.6,"pilot"
43,0.916666666666667,1,0.333333333333333,1,3.16666666666667,0.925,19,0.497558591314092,0.571428571428571,5,0.541666666666668,0.880398671096346,0.363636363636364,0.497558591314092,0.5,0.571428571428571,"pilot"
44,0.666666666666667,1,0.333333333333333,1,2.83333333333333,0.979166666666667,19,0.605223959334714,0.285714285714286,7,0.458333333333332,0.966777408637874,0.363636363636364,0.605223959334714,0.75,0.285714285714286,"pilot"
45,0.5,0.583333333333333,0.222222222222222,1,4,0.935416666666667,19,0.359947020618362,0.166666666666667,5,0.75,0.897009966777409,0.363636363636364,0.359947020618362,0.5,0.166666666666667,"pilot"
46,0.833333333333333,1,0.222222222222222,1,3.16666666666667,0.928125,29,0.321209493597531,0.666666666666667,6,0.541666666666668,0.885382059800664,0.666666666666667,0.321209493597531,0.625,0.666666666666667,"pilot"
47,0.166666666666667,0.666666666666667,0.555555555555556,0.96969696969697,4,0.984375,17,0.453002870294399,0.142857142857143,7,0.75,0.975083056478405,0.303030303030303,0.453002870294399,0.75,0.142857142857143,"pilot"
48,0.416666666666667,0.916666666666667,0.444444444444444,0.939393939393939,NA,0.9375,18,NA,0,3,NA,0.899497487437186,0.314285714285714,NA,0.3,0,"main"
49,0.916666666666667,1,0.555555555555556,0.96969696969697,NA,0.9875,17,NA,0.833333333333333,8,NA,0.979899497487437,0.285714285714286,NA,0.8,0.833333333333333,"main"
50,0.166666666666667,0.75,0.444444444444444,0.939393939393939,NA,0.9,21,NA,0.166666666666667,3,NA,0.839195979899498,0.4,NA,0.3,0.166666666666667,"main"
51,0.5,1,0.666666666666667,0.96969696969697,NA,0.984375,23,NA,0.666666666666667,6,NA,0.974874371859296,0.457142857142857,NA,0.6,0.666666666666667,"main"
52,0.583333333333333,0.75,0.555555555555556,0.818181818181818,NA,0.689583333333333,20,NA,0.333333333333333,3,NA,0.500837520938023,0.371428571428571,NA,0.3,0.333333333333333,"main"
53,0.75,1,0.222222222222222,0.96969696969697,NA,0.9625,24,NA,0.6,7,NA,0.939698492462312,0.485714285714286,NA,0.7,0.6,"main"
54,0.416666666666667,0.75,0.222222222222222,0.96969696969697,NA,1,22,NA,0.6,8,NA,1,0.428571428571429,NA,0.8,0.6,"main"
55,0.583333333333333,0.916666666666667,0.444444444444444,0.96969696969697,NA,0.975,19,NA,0.5,6,NA,0.959798994974874,0.342857142857143,NA,0.6,0.5,"main"
56,0.75,1,0.666666666666667,0.96969696969697,NA,0.971875,29,NA,0.2,4,NA,0.954773869346734,0.628571428571429,NA,0.4,0.2,"main"
57,0.5,1,0.222222222222222,0.939393939393939,NA,1,26,NA,0.5,6,NA,1,0.542857142857143,NA,0.6,0.5,"main"
58,0.333333333333333,0.833333333333333,0.111111111111111,0.96969696969697,NA,0.392708333333333,25,NA,0.5,5,NA,0.023450586264656,0.514285714285714,NA,0.5,0.5,"main"
59,0.5,1,0.444444444444444,0.96969696969697,NA,0.941666666666667,18,NA,0.166666666666667,6,NA,0.906197654941374,0.314285714285714,NA,0.6,0.166666666666667,"main"
60,0.333333333333333,0.833333333333333,0.444444444444444,0.939393939393939,NA,0.378125,30,NA,0.166666666666667,3,NA,0,0.657142857142857,NA,0.3,0.166666666666667,"main"
61,0.583333333333333,0.583333333333333,0.444444444444444,0.96969696969697,NA,0.954166666666667,28,NA,0,3,NA,0.926298157453937,0.6,NA,0.3,0,"main"
62,0.416666666666667,0.916666666666667,0.555555555555556,0.96969696969697,NA,0.915625,36,NA,0.666666666666667,9,NA,0.864321608040201,0.828571428571429,NA,0.9,0.666666666666667,"main"
63,0.333333333333333,1,0.333333333333333,0.96969696969697,NA,1,16,NA,0.6,4,NA,1,0.257142857142857,NA,0.4,0.6,"main"
64,0.833333333333333,0.833333333333333,0.666666666666667,0.96969696969697,NA,0.909375,13,NA,0.25,8,NA,0.85427135678392,0.171428571428571,NA,0.8,0.25,"main"
65,0.666666666666667,0.583333333333333,0.333333333333333,0.96969696969697,NA,0.971875,12,NA,0.5,6,NA,0.954773869346734,0.142857142857143,NA,0.6,0.5,"main"
66,0.666666666666667,0.666666666666667,0.555555555555556,0.909090909090909,NA,0.897916666666667,25,NA,0.25,2,NA,0.835845896147404,0.514285714285714,NA,0.2,0.25,"main"
67,0.25,1,0.555555555555556,0.909090909090909,NA,0.971875,21,NA,0.5,7,NA,0.954773869346734,0.4,NA,0.7,0.5,"main"
68,0,0,0,0.939393939393939,NA,1,28,NA,0.5,8,NA,1,0.6,NA,0.8,0.5,"main"
69,0.5,1,0.777777777777778,0.96969696969697,NA,0.7875,21,NA,0.25,6,NA,0.658291457286432,0.4,NA,0.6,0.25,"main"
70,0.166666666666667,0.5,0,0.848484848484849,NA,0.926041666666667,7,NA,0.5,2,NA,0.881072026800671,0,NA,0.2,0.5,"main"
71,0.666666666666667,0.833333333333333,0.777777777777778,0.96969696969697,NA,0.790625,11,NA,0,5,NA,0.663316582914573,0.114285714285714,NA,0.5,0,"main"
72,0.416666666666667,0.75,0.444444444444444,0.909090909090909,NA,0.925,17,NA,0.4,3,NA,0.879396984924623,0.285714285714286,NA,0.3,0.4,"main"
73,0.25,1,0.444444444444444,0.848484848484849,NA,0.979166666666667,19,NA,1,6,NA,0.966499162479062,0.342857142857143,NA,0.6,1,"main"
74,0.75,1,0.333333333333333,0.96969696969697,NA,1,27,NA,0.666666666666667,10,NA,1,0.571428571428571,NA,1,0.666666666666667,"main"
75,0.916666666666667,0.916666666666667,0.777777777777778,0.939393939393939,NA,1,20,NA,0.4,7,NA,1,0.371428571428571,NA,0.7,0.4,"main"
76,0.833333333333333,1,0.333333333333333,0.96969696969697,NA,1,23,NA,0.833333333333333,7,NA,1,0.457142857142857,NA,0.7,0.833333333333333,"main"
77,0.333333333333333,0.416666666666667,0,0.96969696969697,NA,0.975,30,NA,0.5,7,NA,0.959798994974874,0.657142857142857,NA,0.7,0.5,"main"
78,0.25,1,0.666666666666667,0.96969696969697,NA,0.878125,22,NA,0.25,8,NA,0.804020100502513,0.428571428571429,NA,0.8,0.25,"main"
79,0.5,0.75,0.555555555555556,0.96969696969697,NA,0.869791666666667,9,NA,0.666666666666667,5,NA,0.790619765494138,0.057142857142857,NA,0.5,0.666666666666667,"main"
80,0.916666666666667,1,0.333333333333333,0.96969696969697,NA,0.975,34,NA,0.8,9,NA,0.959798994974874,0.771428571428571,NA,0.9,0.8,"main"
81,0.333333333333333,1,0.111111111111111,0.96969696969697,NA,1,9,NA,0.833333333333333,8,NA,1,0.057142857142857,NA,0.8,0.833333333333333,"main"
82,0.666666666666667,1,0.666666666666667,0.96969696969697,NA,1,21,NA,0.2,7,NA,1,0.4,NA,0.7,0.2,"main"
83,0.833333333333333,0.916666666666667,0.666666666666667,0.96969696969697,NA,0.9625,22,NA,1,7,NA,0.939698492462312,0.428571428571429,NA,0.7,1,"main"
84,0.416666666666667,1,0.666666666666667,0.96969696969697,NA,0.975,24,NA,0.4,6,NA,0.959798994974874,0.485714285714286,NA,0.6,0.4,"main"
85,0.833333333333333,0.916666666666667,0.555555555555556,0.939393939393939,NA,0.9875,16,NA,0.5,8,NA,0.979899497487437,0.257142857142857,NA,0.8,0.5,"main"
86,0.333333333333333,0.75,0.444444444444444,0.96969696969697,NA,1,18,NA,0.2,3,NA,1,0.314285714285714,NA,0.3,0.2,"main"
87,0.416666666666667,0.75,0.555555555555556,0.96969696969697,NA,0.96875,29,NA,0.5,5,NA,0.949748743718593,0.628571428571429,NA,0.5,0.5,"main"
88,0.833333333333333,1,0.444444444444444,0.96969696969697,NA,0.975,13,NA,0.6,8,NA,0.959798994974874,0.171428571428571,NA,0.8,0.6,"main"
89,0.666666666666667,1,0.666666666666667,0.96969696969697,NA,1,23,NA,0.333333333333333,6,NA,1,0.457142857142857,NA,0.6,0.333333333333333,"main"
90,0.583333333333333,1,0.666666666666667,0.96969696969697,NA,0.91875,20,NA,0.25,7,NA,0.869346733668342,0.371428571428571,NA,0.7,0.25,"main"
91,0.583333333333333,0.916666666666667,0.222222222222222,0.96969696969697,NA,0.953125,11,NA,0.166666666666667,2,NA,0.924623115577889,0.114285714285714,NA,0.2,0.166666666666667,"main"
92,0.583333333333333,1,0.444444444444444,0.96969696969697,NA,0.9375,17,NA,0.25,7,NA,0.899497487437186,0.285714285714286,NA,0.7,0.25,"main"
93,0.916666666666667,1,0.666666666666667,0.96969696969697,NA,1,8,NA,0.5,4,NA,1,0.028571428571429,NA,0.4,0.5,"main"
94,0.5,1,0.333333333333333,0.96969696969697,NA,1,12,NA,0.166666666666667,7,NA,1,0.142857142857143,NA,0.7,0.166666666666667,"main"
95,0.666666666666667,1,0.555555555555556,0.96969696969697,NA,0.945833333333333,25,NA,0.8,4,NA,0.912897822445561,0.514285714285714,NA,0.4,0.8,"main"
96,0.5,0.916666666666667,0.666666666666667,0.96969696969697,NA,0.979166666666667,21,NA,0,7,NA,0.966499162479062,0.4,NA,0.7,0,"main"
97,0.666666666666667,0.75,0.333333333333333,0.96969696969697,NA,1,33,NA,0.333333333333333,7,NA,1,0.742857142857143,NA,0.7,0.333333333333333,"main"
98,0.833333333333333,0.916666666666667,0.444444444444444,0.96969696969697,NA,1,24,NA,0.5,8,NA,1,0.485714285714286,NA,0.8,0.5,"main"
99,0.916666666666667,1,0.777777777777778,0.96969696969697,NA,0.9375,9,NA,0.666666666666667,9,NA,0.899497487437186,0.057142857142857,NA,0.9,0.666666666666667,"main"
100,0.333333333333333,0.666666666666667,0.444444444444444,0.96969696969697,NA,0.958333333333333,28,NA,0.25,0,NA,0.932998324958124,0.6,NA,0,0.25,"main"
101,0.833333333333333,1,0.555555555555556,0.96969696969697,NA,0.966666666666667,14,NA,0.75,9,NA,0.9463986599665,0.2,NA,0.9,0.75,"main"
102,0.666666666666667,0.916666666666667,0.333333333333333,0.96969696969697,NA,0.975,12,NA,0.5,5,NA,0.959798994974874,0.142857142857143,NA,0.5,0.5,"main"
103,0.5,0.75,0.666666666666667,0.96969696969697,NA,0.747916666666667,20,NA,0.166666666666667,4,NA,0.594639865996651,0.371428571428571,NA,0.4,0.166666666666667,"main"
104,0.5,0.666666666666667,0.333333333333333,0.96969696969697,NA,1,31,NA,0.5,6,NA,1,0.685714285714286,NA,0.6,0.5,"main"
105,0.416666666666667,0.833333333333333,0.333333333333333,0.96969696969697,NA,0.891666666666667,42,NA,0.166666666666667,6,NA,0.825795644891123,1,NA,0.6,0.166666666666667,"main"
106,0.25,0.916666666666667,0.111111111111111,0.96969696969697,NA,0.897916666666667,19,NA,0,5,NA,0.835845896147404,0.342857142857143,NA,0.5,0,"main"
107,0.416666666666667,0.75,0.555555555555556,0.96969696969697,NA,0.890625,27,NA,0.25,3,NA,0.824120603015075,0.571428571428571,NA,0.3,0.25,"main"
108,0.75,1,0.555555555555556,0.96969696969697,NA,1,10,NA,0.166666666666667,5,NA,1,0.085714285714286,NA,0.5,0.166666666666667,"main"
109,0.5,0.916666666666667,0.555555555555556,0.96969696969697,NA,1,12,NA,0.666666666666667,4,NA,1,0.142857142857143,NA,0.4,0.666666666666667,"main"
110,0.5,0.666666666666667,0.666666666666667,0.96969696969697,NA,0.891666666666667,11,NA,0.4,5,NA,0.825795644891123,0.114285714285714,NA,0.5,0.4,"main"
111,0.333333333333333,1,0.333333333333333,0.939393939393939,NA,0.9375,14,NA,0.5,4,NA,0.899497487437186,0.2,NA,0.4,0.5,"main"
112,0.666666666666667,0.916666666666667,0.666666666666667,0.96969696969697,NA,0.96875,21,NA,0.2,5,NA,0.949748743718593,0.4,NA,0.5,0.2,"main"
113,0.5,0.166666666666667,0.222222222222222,0.96969696969697,NA,0.910416666666667,17,NA,0,3,NA,0.855946398659967,0.285714285714286,NA,0.3,0,"main"
114,0.666666666666667,1,0.444444444444444,0.96969696969697,NA,0.951041666666667,34,NA,1,8,NA,0.921273031825796,0.771428571428571,NA,0.8,1,"main"
115,0.583333333333333,0.833333333333333,0.666666666666667,0.96969696969697,NA,1,16,NA,0.666666666666667,5,NA,1,0.257142857142857,NA,0.5,0.666666666666667,"main"
